{"cameraMode":{"drawMode":0,"name":"Shaded","section":"Shading Mode"},"sceneLighting":true,"audioPlay":false,"sceneViewState":{"m_AlwaysRefresh":false,"showFog":true,"showSkybox":true,"showFlares":true,"showImageEffects":true,"showParticleSystems":true,"showVisualEffectGraphs":true,"m_FxEnabled":true},"in2DMode":false,"pivot":{"x":-11.88082218170166,"y":-49.28040313720703,"z":55.597835540771487},"rotation":{"x":-0.36245930194854739,"y":0.09476315230131149,"z":-0.041257280856370929,"w":-0.9267711043357849},"size":40.836360931396487,"orthographic":false}